observation_date,CSUSHPISA,SPPOPGROWUSA,MORTGAGE30US,FIXHAI,CES0500000003,UNRATE,HOUST,CPIAUCSL,FEDFUNDS
2004-01-01,141.64700000000002,0.925483968943482,,,,5.7,1911.0,186.3,1.0
2004-01-08,,,5.87,,,,,,
2004-01-15,,,5.66,,,,,,
2004-01-22,,,5.64,,,,,,
2004-01-29,,,5.68,,,,,,
2004-02-01,143.192,,,,,5.6,1846.0,186.7,1.01
2004-02-05,,,5.72,,,,,,
2004-02-12,,,5.66,,,,,,
2004-02-19,,,5.58,,,,,,
2004-02-26,,,5.58,,,,,,
2004-03-01,145.058,,,,,5.8,1998.0,187.1,1.0
2004-03-04,,,5.59,,,,,,
2004-03-11,,,5.41,,,,,,
2004-03-18,,,5.38,,,,,,
2004-03-25,,,5.4,,,,,,
2004-04-01,146.593,,5.52,,,5.6,2003.0,187.4,1.0
2004-04-08,,,5.79,,,,,,
2004-04-15,,,5.89,,,,,,
2004-04-22,,,5.94,,,,,,
2004-04-29,,,6.01,,,,,,
2004-05-01,148.186,,,,,5.6,1981.0,188.2,1.0
2004-05-06,,,6.12,,,,,,
2004-05-13,,,6.34,,,,,,
2004-05-20,,,6.3,,,,,,
2004-05-27,,,6.32,,,,,,
2004-06-01,149.852,,,,,5.6,1828.0,188.9,1.03
2004-06-03,,,6.28,,,,,,
2004-06-10,,,6.3,,,,,,
2004-06-17,,,6.32,,,,,,
2004-06-24,,,6.25,,,,,,
2004-07-01,151.339,,6.21,,,5.5,2002.0,189.1,1.26
2004-07-08,,,6.01,,,,,,
2004-07-15,,,6.0,,,,,,
2004-07-22,,,5.98,,,,,,
2004-07-29,,,6.08,,,,,,
2004-08-01,152.635,,,,,5.4,2024.0,189.2,1.43
2004-08-05,,,5.99,,,,,,
2004-08-12,,,5.85,,,,,,
2004-08-19,,,5.81,,,,,,
2004-08-26,,,5.82,,,,,,
2004-09-01,154.18,,,,,5.4,1905.0,189.8,1.61
2004-09-02,,,5.77,,,,,,
2004-09-09,,,5.83,,,,,,
2004-09-16,,,5.75,,,,,,
2004-09-23,,,5.7,,,,,,
2004-09-30,,,5.72,,,,,,
2004-10-01,155.752,,,,,5.5,2072.0,190.8,1.76
2004-10-07,,,5.82,,,,,,
2004-10-14,,,5.74,,,,,,
2004-10-21,,,5.69,,,,,,
2004-10-28,,,5.64,,,,,,
2004-11-01,157.529,,,,,5.4,1782.0,191.7,1.93
2004-11-04,,,5.7,,,,,,
2004-11-11,,,5.76,,,,,,
2004-11-18,,,5.74,,,,,,
2004-11-24,,,5.72,,,,,,
2004-12-01,159.332,,,,,5.4,2042.0,191.7,2.16
2004-12-02,,,5.81,,,,,,
2004-12-09,,,5.71,,,,,,
2004-12-16,,,5.68,,,,,,
2004-12-22,,,5.75,,,,,,
2004-12-29,,,5.81,,,,,,
2005-01-01,161.289,0.921713167161207,,,,5.3,2144.0,191.6,2.28
2005-01-06,,,5.77,,,,,,
2005-01-13,,,5.74,,,,,,
2005-01-20,,,5.67,,,,,,
2005-01-27,,,5.66,,,,,,
2005-02-01,163.346,,,,,5.4,2207.0,192.4,2.5
2005-02-03,,,5.63,,,,,,
2005-02-10,,,5.57,,,,,,
2005-02-17,,,5.62,,,,,,
2005-02-24,,,5.69,,,,,,
2005-03-01,165.81400000000002,,,,,5.2,1864.0,193.1,2.63
2005-03-03,,,5.79,,,,,,
2005-03-10,,,5.85,,,,,,
2005-03-17,,,5.95,,,,,,
2005-03-24,,,6.01,,,,,,
2005-03-31,,,6.04,,,,,,
2005-04-01,167.503,,,,,5.2,2061.0,193.7,2.79
2005-04-07,,,5.93,,,,,,
2005-04-14,,,5.91,,,,,,
2005-04-21,,,5.8,,,,,,
2005-04-28,,,5.78,,,,,,
2005-05-01,169.352,,,,,5.1,2025.0,193.6,3.0
2005-05-05,,,5.75,,,,,,
2005-05-12,,,5.77,,,,,,
2005-05-19,,,5.71,,,,,,
2005-05-26,,,5.65,,,,,,
2005-06-01,171.192,,,,,5.0,2068.0,193.7,3.04
2005-06-02,,,5.62,,,,,,
2005-06-09,,,5.56,,,,,,
2005-06-16,,,5.63,,,,,,
2005-06-23,,,5.57,,,,,,
2005-06-30,,,5.53,,,,,,
2005-07-01,172.861,,,,,5.0,2054.0,194.9,3.26
2005-07-07,,,5.62,,,,,,
2005-07-14,,,5.66,,,,,,
2005-07-21,,,5.73,,,,,,
2005-07-28,,,5.77,,,,,,
2005-08-01,174.44400000000002,,,,,4.9,2095.0,196.1,3.5
2005-08-04,,,5.82,,,,,,
2005-08-11,,,5.89,,,,,,
2005-08-18,,,5.8,,,,,,
2005-08-25,,,5.77,,,,,,
2005-09-01,176.438,,5.71,,,5.0,2151.0,198.8,3.62
2005-09-08,,,5.71,,,,,,
2005-09-15,,,5.74,,,,,,
2005-09-22,,,5.8,,,,,,
2005-09-29,,,5.91,,,,,,
2005-10-01,178.028,,,,,5.0,2065.0,199.1,3.78
2005-10-06,,,5.98,,,,,,
2005-10-13,,,6.03,,,,,,
2005-10-20,,,6.1,,,,,,
2005-10-27,,,6.15,,,,,,
2005-11-01,179.68200000000002,,,,,5.0,2147.0,198.1,4.0
2005-11-03,,,6.31,,,,,,
2005-11-10,,,6.36,,,,,,
2005-11-17,,,6.37,,,,,,
2005-11-23,,,6.28,,,,,,
2005-12-01,180.91099999999997,,6.26,,,4.9,1994.0,198.1,4.16
2005-12-08,,,6.32,,,,,,
2005-12-15,,,6.3,,,,,,
2005-12-22,,,6.26,,,,,,
2005-12-29,,,6.22,,,,,,
2006-01-01,182.321,0.964253917136075,,,,4.7,2273.0,199.3,4.29
2006-01-05,,,6.21,,,,,,
2006-01-12,,,6.15,,,,,,
2006-01-19,,,6.1,,,,,,
2006-01-26,,,6.12,,,,,,
2006-02-01,183.288,,,,,4.8,2119.0,199.4,4.49
2006-02-02,,,6.23,,,,,,
2006-02-09,,,6.24,,,,,,
2006-02-16,,,6.28,,,,,,
2006-02-23,,,6.26,,,,,,
2006-03-01,184.364,,,,20.05,4.7,1969.0,199.7,4.59
2006-03-02,,,6.24,,,,,,
2006-03-09,,,6.37,,,,,,
2006-03-16,,,6.34,,,,,,
2006-03-23,,,6.32,,,,,,
2006-03-30,,,6.35,,,,,,
2006-04-01,184.329,,,,20.15,4.7,1821.0,200.7,4.79
2006-04-06,,,6.43,,,,,,
2006-04-13,,,6.49,,,,,,
2006-04-20,,,6.53,,,,,,
2006-04-27,,,6.58,,,,,,
2006-05-01,184.155,,,,20.13,4.6,1942.0,201.3,4.94
2006-05-04,,,6.59,,,,,,
2006-05-11,,,6.58,,,,,,
2006-05-18,,,6.6,,,,,,
2006-05-25,,,6.62,,,,,,
2006-06-01,183.507,,6.67,,20.23,4.6,1802.0,201.8,4.99
2006-06-08,,,6.62,,,,,,
2006-06-15,,,6.63,,,,,,
2006-06-22,,,6.71,,,,,,
2006-06-29,,,6.78,,,,,,
2006-07-01,183.06599999999997,,,,20.29,4.7,1737.0,202.9,5.24
2006-07-06,,,6.79,,,,,,
2006-07-13,,,6.74,,,,,,
2006-07-20,,,6.8,,,,,,
2006-07-27,,,6.72,,,,,,
2006-08-01,182.594,,,,20.32,4.7,1650.0,203.8,5.25
2006-08-03,,,6.63,,,,,,
2006-08-10,,,6.55,,,,,,
2006-08-17,,,6.52,,,,,,
2006-08-24,,,6.48,,,,,,
2006-08-31,,,6.44,,,,,,
2006-09-01,182.798,,,,20.41,4.5,1720.0,202.8,5.25
2006-09-07,,,6.47,,,,,,
2006-09-14,,,6.43,,,,,,
2006-09-21,,,6.4,,,,,,
2006-09-28,,,6.31,,,,,,
2006-10-01,183.198,,,,20.43,4.4,1491.0,201.9,5.25
2006-10-05,,,6.3,,,,,,
2006-10-12,,,6.37,,,,,,
2006-10-19,,,6.36,,,,,,
2006-10-26,,,6.4,,,,,,
2006-11-01,183.608,,,,20.49,4.5,1570.0,202.0,5.25
2006-11-02,,,6.31,,,,,,
2006-11-09,,,6.33,,,,,,
2006-11-16,,,6.24,,,,,,
2006-11-22,,,6.18,,,,,,
2006-11-30,,,6.14,,,,,,
2006-12-01,184.139,,,,20.57,4.4,1649.0,203.1,5.24
2006-12-07,,,6.11,,,,,,
2006-12-14,,,6.12,,,,,,
2006-12-21,,,6.13,,,,,,
2006-12-28,,,6.18,,,,,,
2007-01-01,184.517,0.951055242772428,,,20.59,4.6,1409.0,203.437,5.25
2007-01-04,,,6.18,,,,,,
2007-01-11,,,6.21,,,,,,
2007-01-18,,,6.23,,,,,,
2007-01-25,,,6.25,,,,,,
2007-02-01,184.599,,6.34,,20.68,4.5,1480.0,204.226,5.26
2007-02-08,,,6.28,,,,,,
2007-02-15,,,6.3,,,,,,
2007-02-22,,,6.22,,,,,,
2007-03-01,184.151,,6.18,,20.73,4.4,1495.0,205.288,5.26
2007-03-08,,,6.14,,,,,,
2007-03-15,,,6.14,,,,,,
2007-03-22,,,6.16,,,,,,
2007-03-29,,,6.16,,,,,,
2007-04-01,183.011,,,,20.78,4.5,1490.0,205.904,5.25
2007-04-05,,,6.17,,,,,,
2007-04-12,,,6.22,,,,,,
2007-04-19,,,6.17,,,,,,
2007-04-26,,,6.16,,,,,,
2007-05-01,181.601,,,,20.84,4.4,1415.0,206.755,5.25
2007-05-03,,,6.16,,,,,,
2007-05-10,,,6.15,,,,,,
2007-05-17,,,6.21,,,,,,
2007-05-24,,,6.37,,,,,,
2007-05-31,,,6.42,,,,,,
2007-06-01,180.253,,,,20.95,4.6,1448.0,207.234,5.25
2007-06-07,,,6.53,,,,,,
2007-06-14,,,6.74,,,,,,
2007-06-21,,,6.69,,,,,,
2007-06-28,,,6.67,,,,,,
2007-07-01,179.11,,,,20.95,4.7,1354.0,207.603,5.26
2007-07-05,,,6.63,,,,,,
2007-07-12,,,6.73,,,,,,
2007-07-19,,,6.73,,,,,,
2007-07-26,,,6.69,,,,,,
2007-08-01,178.116,,,,21.0,4.6,1330.0,207.667,5.02
2007-08-02,,,6.68,,,,,,
2007-08-09,,,6.59,,,,,,
2007-08-16,,,6.62,,,,,,
2007-08-23,,,6.52,,,,,,
2007-08-30,,,6.45,,,,,,
2007-09-01,177.55700000000002,,,,21.04,4.7,1183.0,208.547,4.94
2007-09-06,,,6.46,,,,,,
2007-09-13,,,6.31,,,,,,
2007-09-20,,,6.34,,,,,,
2007-09-27,,,6.42,,,,,,
2007-10-01,176.623,,,,21.06,4.7,1264.0,209.19,4.76
2007-10-04,,,6.37,,,,,,
2007-10-11,,,6.4,,,,,,
2007-10-18,,,6.4,,,,,,
2007-10-25,,,6.33,,,,,,
2007-11-01,175.146,,6.26,,21.12,4.7,1197.0,210.834,4.49
2007-11-08,,,6.24,,,,,,
2007-11-15,,,6.24,,,,,,
2007-11-21,,,6.2,,,,,,
2007-11-29,,,6.1,,,,,,
2007-12-01,174.34,,,,21.17,5.0,1037.0,211.445,4.24
2007-12-06,,,5.96,,,,,,
2007-12-13,,,6.11,,,,,,
2007-12-20,,,6.14,,,,,,
2007-12-27,,,6.17,,,,,,
2008-01-01,173.13099999999997,0.945865287282592,,,21.2,5.0,1084.0,212.174,3.94
2008-01-03,,,6.07,,,,,,
2008-01-10,,,5.87,,,,,,
2008-01-17,,,5.69,,,,,,
2008-01-24,,,5.48,,,,,,
2008-01-31,,,5.68,,,,,,
2008-02-01,171.53900000000002,,,,21.26,4.9,1103.0,212.687,2.98
2008-02-07,,,5.67,,,,,,
2008-02-14,,,5.72,,,,,,
2008-02-21,,,6.04,,,,,,
2008-02-28,,,6.24,,,,,,
2008-03-01,170.05200000000002,,,,21.36,5.1,1005.0,213.448,2.61
2008-03-06,,,6.03,,,,,,
2008-03-13,,,6.13,,,,,,
2008-03-20,,,5.87,,,,,,
2008-03-27,,,5.85,,,,,,
2008-04-01,168.33599999999998,,,,21.38,5.0,1013.0,213.942,2.28
2008-04-03,,,5.88,,,,,,
2008-04-10,,,5.88,,,,,,
2008-04-17,,,5.88,,,,,,
2008-04-24,,,6.03,,,,,,
2008-05-01,166.658,,6.06,,21.47,5.4,973.0,215.208,1.98
2008-05-08,,,6.05,,,,,,
2008-05-15,,,6.01,,,,,,
2008-05-22,,,5.98,,,,,,
2008-05-29,,,6.08,,,,,,
2008-06-01,165.017,,,,21.51,5.6,1046.0,217.463,2.0
2008-06-05,,,6.09,,,,,,
2008-06-12,,,6.32,,,,,,
2008-06-19,,,6.42,,,,,,
2008-06-26,,,6.45,,,,,,
2008-07-01,163.565,,,,21.6,5.8,923.0,219.016,2.01
2008-07-03,,,6.35,,,,,,
2008-07-10,,,6.37,,,,,,
2008-07-17,,,6.26,,,,,,
2008-07-24,,,6.63,,,,,,
2008-07-31,,,6.52,,,,,,
2008-08-01,161.988,,,,21.7,6.1,844.0,218.69,2.0
2008-08-07,,,6.52,,,,,,
2008-08-14,,,6.52,,,,,,
2008-08-21,,,6.47,,,,,,
2008-08-28,,,6.4,,,,,,
2008-09-01,160.30700000000002,,,,21.72,6.1,820.0,218.877,1.81
2008-09-04,,,6.35,,,,,,
2008-09-11,,,5.93,,,,,,
2008-09-18,,,5.78,,,,,,
2008-09-25,,,6.09,,,,,,
2008-10-01,158.327,,,,21.76,6.5,777.0,216.995,0.97
2008-10-02,,,6.1,,,,,,
2008-10-09,,,5.94,,,,,,
2008-10-16,,,6.46,,,,,,
2008-10-23,,,6.04,,,,,,
2008-10-30,,,6.46,,,,,,
2008-11-01,156.142,,,,21.87,6.8,652.0,213.153,0.39
2008-11-06,,,6.2,,,,,,
2008-11-13,,,6.14,,,,,,
2008-11-20,,,6.04,,,,,,
2008-11-26,,,5.97,,,,,,
2008-12-01,153.618,,,,21.94,7.3,560.0,211.398,0.16
2008-12-04,,,5.53,,,,,,
2008-12-11,,,5.47,,,,,,
2008-12-18,,,5.19,,,,,,
2008-12-24,,,5.14,,,,,,
2008-12-31,,,5.1,,,,,,
2009-01-01,151.507,0.876651298802912,,,21.96,7.8,490.0,211.933,0.15
2009-01-08,,,5.01,,,,,,
2009-01-15,,,4.96,,,,,,
2009-01-22,,,5.12,,,,,,
2009-01-29,,,5.1,,,,,,
2009-02-01,150.014,,,,21.99,8.3,582.0,212.705,0.22
2009-02-05,,,5.25,,,,,,
2009-02-12,,,5.16,,,,,,
2009-02-19,,,5.04,,,,,,
2009-02-26,,,5.07,,,,,,
2009-03-01,148.66,,,,22.06,8.7,505.0,212.495,0.18
2009-03-05,,,5.15,,,,,,
2009-03-12,,,5.03,,,,,,
2009-03-19,,,4.98,,,,,,
2009-03-26,,,4.85,,,,,,
2009-04-01,147.94799999999998,,,,22.09,9.0,478.0,212.709,0.15
2009-04-02,,,4.78,,,,,,
2009-04-09,,,4.87,,,,,,
2009-04-16,,,4.82,,,,,,
2009-04-23,,,4.8,,,,,,
2009-04-30,,,4.78,,,,,,
2009-05-01,147.694,,,,22.11,9.4,540.0,213.022,0.18
2009-05-07,,,4.84,,,,,,
2009-05-14,,,4.86,,,,,,
2009-05-21,,,4.82,,,,,,
2009-05-28,,,4.91,,,,,,
2009-06-01,148.089,,,,22.14,9.5,585.0,214.79,0.21
2009-06-04,,,5.29,,,,,,
2009-06-11,,,5.59,,,,,,
2009-06-18,,,5.38,,,,,,
2009-06-25,,,5.42,,,,,,
2009-07-01,148.409,,,,22.18,9.5,594.0,214.726,0.16
2009-07-02,,,5.32,,,,,,
2009-07-09,,,5.2,,,,,,
2009-07-16,,,5.14,,,,,,
2009-07-23,,,5.2,,,,,,
2009-07-30,,,5.25,,,,,,
2009-08-01,148.27700000000002,,,,22.23,9.6,586.0,215.445,0.16
2009-08-06,,,5.22,,,,,,
2009-08-13,,,5.29,,,,,,
2009-08-20,,,5.12,,,,,,
2009-08-27,,,5.14,,,,,,
2009-09-01,148.025,,,,22.27,9.8,585.0,215.861,0.15
2009-09-03,,,5.08,,,,,,
2009-09-10,,,5.07,,,,,,
2009-09-17,,,5.04,,,,,,
2009-09-24,,,5.04,,,,,,
2009-10-01,147.85,,4.94,,22.3,10.0,534.0,216.509,0.12
2009-10-08,,,4.87,,,,,,
2009-10-15,,,4.92,,,,,,
2009-10-22,,,5.0,,,,,,
2009-10-29,,,5.03,,,,,,
2009-11-01,148.136,,,,22.35,9.9,588.0,217.234,0.12
2009-11-05,,,4.98,,,,,,
2009-11-12,,,4.91,,,,,,
2009-11-19,,,4.83,,,,,,
2009-11-25,,,4.78,,,,,,
2009-12-01,147.93,,,,22.36,9.9,581.0,217.347,0.12
2009-12-03,,,4.71,,,,,,
2009-12-10,,,4.81,,,,,,
2009-12-17,,,4.94,,,,,,
2009-12-24,,,5.05,,,,,,
2009-12-31,,,5.14,,,,,,
2010-01-01,147.39600000000002,0.829616674709795,,,22.41,9.8,614.0,217.488,0.11
2010-01-07,,,5.09,,,,,,
2010-01-14,,,5.06,,,,,,
2010-01-21,,,4.99,,,,,,
2010-01-28,,,4.98,,,,,,
2010-02-01,145.632,,,,22.45,9.8,604.0,217.281,0.13
2010-02-04,,,5.01,,,,,,
2010-02-11,,,4.97,,,,,,
2010-02-18,,,4.93,,,,,,
2010-02-25,,,5.05,,,,,,
2010-03-01,145.858,,,,22.46,9.9,636.0,217.353,0.16
2010-03-04,,,4.97,,,,,,
2010-03-11,,,4.95,,,,,,
2010-03-18,,,4.96,,,,,,
2010-03-25,,,4.99,,,,,,
2010-04-01,146.401,,5.08,,22.49,9.9,687.0,217.403,0.2
2010-04-08,,,5.21,,,,,,
2010-04-15,,,5.07,,,,,,
2010-04-22,,,5.07,,,,,,
2010-04-29,,,5.06,,,,,,
2010-05-01,146.391,,,,22.53,9.6,583.0,217.29,0.2
2010-05-06,,,5.0,,,,,,
2010-05-13,,,4.93,,,,,,
2010-05-20,,,4.84,,,,,,
2010-05-27,,,4.78,,,,,,
2010-06-01,145.718,,,,22.53,9.4,536.0,217.199,0.18
2010-06-03,,,4.79,,,,,,
2010-06-10,,,4.72,,,,,,
2010-06-17,,,4.75,,,,,,
2010-06-24,,,4.69,,,,,,
2010-07-01,144.986,,4.58,,22.59,9.4,546.0,217.605,0.18
2010-07-08,,,4.57,,,,,,
2010-07-15,,,4.57,,,,,,
2010-07-22,,,4.56,,,,,,
2010-07-29,,,4.54,,,,,,
2010-08-01,143.91,,,,22.62,9.5,599.0,217.923,0.19
2010-08-05,,,4.49,,,,,,
2010-08-12,,,4.44,,,,,,
2010-08-19,,,4.42,,,,,,
2010-08-26,,,4.36,,,,,,
2010-09-01,143.014,,,,22.67,9.5,594.0,218.275,0.19
2010-09-02,,,4.32,,,,,,
2010-09-09,,,4.35,,,,,,
2010-09-16,,,4.37,,,,,,
2010-09-23,,,4.37,,,,,,
2010-09-30,,,4.32,,,,,,
2010-10-01,142.525,,,,22.74,9.4,543.0,219.035,0.19
2010-10-07,,,4.27,,,,,,
2010-10-14,,,4.19,,,,,,
2010-10-21,,,4.21,,,,,,
2010-10-28,,,4.23,,,,,,
2010-11-01,142.167,,,,22.73,9.8,545.0,219.59,0.19
2010-11-04,,,4.24,,,,,,
2010-11-11,,,4.17,,,,,,
2010-11-18,,,4.39,,,,,,
2010-11-24,,,4.4,,,,,,
2010-12-01,142.054,,,,22.76,9.3,539.0,220.472,0.18
2010-12-02,,,4.46,,,,,,
2010-12-09,,,4.61,,,,,,
2010-12-16,,,4.83,,,,,,
2010-12-23,,,4.81,,,,,,
2010-12-30,,,4.86,,,,,,
2011-01-01,141.516,0.726786704810745,,,22.86,9.1,630.0,221.187,0.17
2011-01-06,,,4.77,,,,,,
2011-01-13,,,4.71,,,,,,
2011-01-20,,,4.74,,,,,,
2011-01-27,,,4.8,,,,,,
2011-02-01,140.344,,,,22.87,9.0,517.0,221.898,0.16
2011-02-03,,,4.81,,,,,,
2011-02-10,,,5.05,,,,,,
2011-02-17,,,5.0,,,,,,
2011-02-24,,,4.95,,,,,,
2011-03-01,139.975,,,,22.87,9.0,600.0,223.046,0.14
2011-03-03,,,4.87,,,,,,
2011-03-10,,,4.88,,,,,,
2011-03-17,,,4.76,,,,,,
2011-03-24,,,4.81,,,,,,
2011-03-31,,,4.86,,,,,,
2011-04-01,140.007,,,,22.91,9.1,554.0,224.093,0.1
2011-04-07,,,4.87,,,,,,
2011-04-14,,,4.91,,,,,,
2011-04-21,,,4.8,,,,,,
2011-04-28,,,4.78,,,,,,
2011-05-01,139.903,,,,22.98,9.0,561.0,224.806,0.09
2011-05-05,,,4.71,,,,,,
2011-05-12,,,4.63,,,,,,
2011-05-19,,,4.61,,,,,,
2011-05-26,,,4.6,,,,,,
2011-06-01,139.859,,,,23.01,9.1,608.0,224.806,0.09
2011-06-02,,,4.55,,,,,,
2011-06-09,,,4.49,,,,,,
2011-06-16,,,4.5,,,,,,
2011-06-23,,,4.5,,,,,,
2011-06-30,,,4.51,,,,,,
2011-07-01,139.727,,,,23.1,9.0,623.0,225.395,0.07
2011-07-07,,,4.6,,,,,,
2011-07-14,,,4.51,,,,,,
2011-07-21,,,4.52,,,,,,
2011-07-28,,,4.55,,,,,,
2011-08-01,139.306,,,,23.07,9.0,585.0,226.106,0.1
2011-08-04,,,4.39,,,,,,
2011-08-11,,,4.32,,,,,,
2011-08-18,,,4.15,,,,,,
2011-08-25,,,4.22,,,,,,
2011-09-01,138.664,,4.22,,23.12,9.0,650.0,226.597,0.08
2011-09-08,,,4.12,,,,,,
2011-09-15,,,4.09,,,,,,
2011-09-22,,,4.09,,,,,,
2011-09-29,,,4.01,,,,,,
2011-10-01,137.947,,,,23.2,8.8,610.0,226.75,0.07
2011-10-06,,,3.94,,,,,,
2011-10-13,,,4.12,,,,,,
2011-10-20,,,4.11,,,,,,
2011-10-27,,,4.1,,,,,,
2011-11-01,137.14600000000002,,,,23.19,8.6,711.0,227.169,0.08
2011-11-03,,,4.0,,,,,,
2011-11-10,,,3.99,,,,,,
2011-11-17,,,4.0,,,,,,
2011-11-23,,,3.98,,,,,,
2011-12-01,136.668,,4.0,,23.22,8.5,694.0,227.223,0.07
2011-12-08,,,3.99,,,,,,
2011-12-15,,,3.94,,,,,,
2011-12-22,,,3.91,,,,,,
2011-12-29,,,3.95,,,,,,
2012-01-01,136.602,0.733599941250847,,,23.25,8.3,723.0,227.842,0.08
2012-01-05,,,3.91,,,,,,
2012-01-12,,,3.89,,,,,,
2012-01-19,,,3.88,,,,,,
2012-01-26,,,3.98,,,,,,
2012-02-01,136.526,,,,23.28,8.3,704.0,228.329,0.1
2012-02-02,,,3.87,,,,,,
2012-02-09,,,3.87,,,,,,
2012-02-16,,,3.87,,,,,,
2012-02-23,,,3.95,,,,,,
2012-03-01,137.89700000000002,,3.9,,23.36,8.2,695.0,228.807,0.13
2012-03-08,,,3.88,,,,,,
2012-03-15,,,3.92,,,,,,
2012-03-22,,,4.08,,,,,,
2012-03-29,,,3.99,,,,,,
2012-04-01,139.148,,,,23.39,8.2,753.0,229.187,0.14
2012-04-05,,,3.98,,,,,,
2012-04-12,,,3.88,,,,,,
2012-04-19,,,3.9,,,,,,
2012-04-26,,,3.88,,,,,,
2012-05-01,140.149,,,,23.4,8.2,708.0,228.713,0.16
2012-05-03,,,3.84,,,,,,
2012-05-10,,,3.83,,,,,,
2012-05-17,,,3.79,,,,,,
2012-05-24,,,3.78,,,,,,
2012-05-31,,,3.75,,,,,,
2012-06-01,141.02700000000002,,,,23.46,8.2,757.0,228.524,0.16
2012-06-07,,,3.67,,,,,,
2012-06-14,,,3.71,,,,,,
2012-06-21,,,3.66,,,,,,
2012-06-28,,,3.66,,,,,,
2012-07-01,141.66899999999998,,,,23.5,8.2,740.0,228.59,0.16
2012-07-05,,,3.62,,,,,,
2012-07-12,,,3.56,,,,,,
2012-07-19,,,3.53,,,,,,
2012-07-26,,,3.49,,,,,,
2012-08-01,142.279,,,,23.48,8.1,754.0,229.918,0.13
2012-08-02,,,3.55,,,,,,
2012-08-09,,,3.59,,,,,,
2012-08-16,,,3.62,,,,,,
2012-08-23,,,3.66,,,,,,
2012-08-30,,,3.59,,,,,,
2012-09-01,142.905,,,,23.57,7.8,847.0,231.015,0.14
2012-09-06,,,3.55,,,,,,
2012-09-13,,,3.55,,,,,,
2012-09-20,,,3.49,,,,,,
2012-09-27,,,3.4,,,,,,
2012-10-01,143.596,,,,23.56,7.8,915.0,231.638,0.16
2012-10-04,,,3.36,,,,,,
2012-10-11,,,3.39,,,,,,
2012-10-18,,,3.37,,,,,,
2012-10-25,,,3.41,,,,,,
2012-11-01,144.579,,3.39,,23.63,7.7,833.0,231.249,0.16
2012-11-08,,,3.4,,,,,,
2012-11-15,,,3.34,,,,,,
2012-11-21,,,3.31,,,,,,
2012-11-29,,,3.32,,,,,,
2012-12-01,145.495,,,,23.73,7.9,976.0,231.221,0.16
2012-12-06,,,3.34,,,,,,
2012-12-13,,,3.32,,,,,,
2012-12-20,,,3.37,,,,,,
2012-12-27,,,3.35,,,,,,
2013-01-01,146.821,0.692860276624581,,,23.75,8.0,888.0,231.679,0.14
2013-01-03,,,3.34,,,,,,
2013-01-10,,,3.4,,,,,,
2013-01-17,,,3.38,,,,,,
2013-01-24,,,3.42,,,,,,
2013-01-31,,,3.53,,,,,,
2013-02-01,147.779,,,,23.78,7.7,962.0,232.937,0.15
2013-02-07,,,3.53,,,,,,
2013-02-14,,,3.53,,,,,,
2013-02-21,,,3.56,,,,,,
2013-02-28,,,3.51,,,,,,
2013-03-01,149.959,,,,23.8,7.5,1010.0,232.282,0.14
2013-03-07,,,3.52,,,,,,
2013-03-14,,,3.63,,,,,,
2013-03-21,,,3.54,,,,,,
2013-03-28,,,3.57,,,,,,
2013-04-01,151.516,,,,23.87,7.6,835.0,231.797,0.15
2013-04-04,,,3.54,,,,,,
2013-04-11,,,3.43,,,,,,
2013-04-18,,,3.41,,,,,,
2013-04-25,,,3.4,,,,,,
2013-05-01,152.847,,,,23.89,7.5,930.0,231.893,0.11
2013-05-02,,,3.35,,,,,,
2013-05-09,,,3.42,,,,,,
2013-05-16,,,3.51,,,,,,
2013-05-23,,,3.59,,,,,,
2013-05-30,,,3.81,,,,,,
2013-06-01,154.197,,,,23.96,7.5,839.0,232.445,0.09
2013-06-06,,,3.91,,,,,,
2013-06-13,,,3.98,,,,,,
2013-06-20,,,3.93,,,,,,
2013-06-27,,,4.46,,,,,,
2013-07-01,155.601,,,,23.98,7.3,880.0,232.9,0.09
2013-07-03,,,4.29,,,,,,
2013-07-11,,,4.51,,,,,,
2013-07-18,,,4.37,,,,,,
2013-07-25,,,4.31,,,,,,
2013-08-01,156.958,,4.39,,24.02,7.2,917.0,233.456,0.08
2013-08-08,,,4.4,,,,,,
2013-08-15,,,4.4,,,,,,
2013-08-22,,,4.58,,,,,,
2013-08-29,,,4.51,,,,,,
2013-09-01,158.221,,,,24.06,7.2,850.0,233.544,0.08
2013-09-05,,,4.57,,,,,,
2013-09-12,,,4.57,,,,,,
2013-09-19,,,4.5,,,,,,
2013-09-26,,,4.32,,,,,,
2013-10-01,159.238,,,,24.09,7.2,925.0,233.669,0.09
2013-10-03,,,4.22,,,,,,
2013-10-10,,,4.23,,,,,,
2013-10-17,,,4.28,,,,,,
2013-10-24,,,4.13,,,,,,
2013-10-31,,,4.1,,,,,,
2013-11-01,160.07399999999998,,,,24.16,6.9,1100.0,234.1,0.08
2013-11-07,,,4.16,,,,,,
2013-11-14,,,4.35,,,,,,
2013-11-21,,,4.22,,,,,,
2013-11-27,,,4.29,,,,,,
2013-12-01,160.994,,,,24.18,6.7,1002.0,234.719,0.09
2013-12-05,,,4.46,,,,,,
2013-12-12,,,4.42,,,,,,
2013-12-19,,,4.47,,,,,,
2013-12-26,,,4.48,,,,,,
2014-01-01,161.924,0.733361519937424,,,24.23,6.6,888.0,235.288,0.07
2014-01-02,,,4.53,,,,,,
2014-01-09,,,4.51,,,,,,
2014-01-16,,,4.41,,,,,,
2014-01-23,,,4.39,,,,,,
2014-01-30,,,4.32,,,,,,
2014-02-01,162.52100000000002,,,,24.33,6.7,944.0,235.547,0.07
2014-02-06,,,4.23,,,,,,
2014-02-13,,,4.28,,,,,,
2014-02-20,,,4.33,,,,,,
2014-02-27,,,4.37,,,,,,
2014-03-01,163.08,,,,24.32,6.7,970.0,236.028,0.08
2014-03-06,,,4.28,,,,,,
2014-03-13,,,4.37,,,,,,
2014-03-20,,,4.32,,,,,,
2014-03-27,,,4.4,,,,,,
2014-04-01,163.384,,,,24.34,6.2,1043.0,236.468,0.09
2014-04-03,,,4.41,,,,,,
2014-04-10,,,4.34,,,,,,
2014-04-17,,,4.27,,,,,,
2014-04-24,,,4.33,,,,,,
2014-05-01,163.651,,4.29,,24.4,6.3,1007.0,236.918,0.09
2014-05-08,,,4.21,,,,,,
2014-05-15,,,4.2,,,,,,
2014-05-22,,,4.14,,,,,,
2014-05-29,,,4.12,,,,,,
2014-06-01,164.06,,,,24.46,6.1,911.0,237.231,0.1
2014-06-05,,,4.14,,,,,,
2014-06-12,,,4.2,,,,,,
2014-06-19,,,4.17,,,,,,
2014-06-26,,,4.14,,,,,,
2014-07-01,164.581,,,,24.48,6.2,1085.0,237.498,0.09
2014-07-03,,,4.12,,,,,,
2014-07-10,,,4.15,,,,,,
2014-07-17,,,4.13,,,,,,
2014-07-24,,,4.13,,,,,,
2014-07-31,,,4.12,,,,,,
2014-08-01,165.208,,,,24.54,6.1,984.0,237.46,0.09
2014-08-07,,,4.14,,,,,,
2014-08-14,,,4.12,,,,,,
2014-08-21,,,4.1,,,,,,
2014-08-28,,,4.1,,,,,,
2014-09-01,165.899,,,,24.55,5.9,1023.0,237.477,0.09
2014-09-04,,,4.1,,,,,,
2014-09-11,,,4.12,,,,,,
2014-09-18,,,4.23,,,,,,
2014-09-25,,,4.2,,,,,,
2014-10-01,166.635,,,,24.58,5.7,1074.0,237.43,0.09
2014-10-02,,,4.19,,,,,,
2014-10-09,,,4.12,,,,,,
2014-10-16,,,3.97,,,,,,
2014-10-23,,,3.92,,,,,,
2014-10-30,,,3.98,,,,,,
2014-11-01,167.329,,,,24.66,5.8,1001.0,236.983,0.09
2014-11-06,,,4.02,,,,,,
2014-11-13,,,4.01,,,,,,
2014-11-20,,,3.99,,,,,,
2014-11-26,,,3.97,,,,,,
2014-12-01,168.044,,,,24.62,5.6,1073.0,236.252,0.12
2014-12-04,,,3.89,,,,,,
2014-12-11,,,3.93,,,,,,
2014-12-18,,,3.8,,,,,,
2014-12-24,,,3.83,,,,,,
2014-12-31,,,3.87,,,,,,
2015-01-01,168.622,0.73621730882542,,,24.75,5.7,1085.0,234.747,0.11
2015-01-08,,,3.73,,,,,,
2015-01-15,,,3.66,,,,,,
2015-01-22,,,3.63,,,,,,
2015-01-29,,,3.66,,,,,,
2015-02-01,169.118,,,,24.79,5.5,886.0,235.342,0.11
2015-02-05,,,3.59,,,,,,
2015-02-12,,,3.69,,,,,,
2015-02-19,,,3.76,,,,,,
2015-02-26,,,3.8,,,,,,
2015-03-01,169.79,,,,24.86,5.4,960.0,235.976,0.11
2015-03-05,,,3.75,,,,,,
2015-03-12,,,3.86,,,,,,
2015-03-19,,,3.78,,,,,,
2015-03-26,,,3.69,,,,,,
2015-04-01,170.28799999999998,,,,24.89,5.4,1190.0,236.222,0.12
2015-04-02,,,3.7,,,,,,
2015-04-09,,,3.66,,,,,,
2015-04-16,,,3.67,,,,,,
2015-04-23,,,3.65,,,,,,
2015-04-30,,,3.68,,,,,,
2015-05-01,170.87099999999998,,,,24.97,5.6,1079.0,237.001,0.12
2015-05-07,,,3.8,,,,,,
2015-05-14,,,3.85,,,,,,
2015-05-21,,,3.84,,,,,,
2015-05-28,,,3.87,,,,,,
2015-06-01,171.472,,,,24.97,5.3,1205.0,237.657,0.13
2015-06-04,,,3.87,,,,,,
2015-06-11,,,4.04,,,,,,
2015-06-18,,,4.0,,,,,,
2015-06-25,,,4.02,,,,,,
2015-07-01,172.144,,,,25.0,5.2,1146.0,238.034,0.13
2015-07-02,,,4.08,,,,,,
2015-07-09,,,4.04,,,,,,
2015-07-16,,,4.09,,,,,,
2015-07-23,,,4.04,,,,,,
2015-07-30,,,3.98,,,,,,
2015-08-01,172.926,,,,25.09,5.1,1130.0,238.033,0.14
2015-08-06,,,3.91,,,,,,
2015-08-13,,,3.94,,,,,,
2015-08-20,,,3.93,,,,,,
2015-08-27,,,3.84,,,,,,
2015-09-01,173.817,,,,25.11,5.0,1224.0,237.498,0.14
2015-09-03,,,3.89,,,,,,
2015-09-10,,,3.9,,,,,,
2015-09-17,,,3.91,,,,,,
2015-09-24,,,3.86,,,,,,
2015-10-01,174.78,,3.85,,25.19,5.0,1058.0,237.733,0.12
2015-10-08,,,3.76,,,,,,
2015-10-15,,,3.82,,,,,,
2015-10-22,,,3.79,,,,,,
2015-10-29,,,3.76,,,,,,
2015-11-01,175.72400000000002,,,,25.25,5.1,1172.0,238.017,0.12
2015-11-05,,,3.87,,,,,,
2015-11-12,,,3.98,,,,,,
2015-11-19,,,3.97,,,,,,
2015-11-25,,,3.95,,,,,,
2015-12-01,176.528,,,,25.24,5.0,1146.0,237.761,0.24
2015-12-03,,,3.93,,,,,,
2015-12-10,,,3.95,,,,,,
2015-12-17,,,3.97,,,,,,
2015-12-24,,,3.96,,,,,,
2015-12-31,,,4.01,,,,,,
2016-01-01,177.253,0.724676067451429,,,25.38,4.8,1092.0,237.652,0.34
2016-01-07,,,3.97,,,,,,
2016-01-14,,,3.92,,,,,,
2016-01-21,,,3.81,,,,,,
2016-01-28,,,3.79,,,,,,
2016-02-01,177.634,,,,25.38,4.9,1225.0,237.336,0.38
2016-02-04,,,3.72,,,,,,
2016-02-11,,,3.65,,,,,,
2016-02-18,,,3.65,,,,,,
2016-02-25,,,3.62,,,,,,
2016-03-01,178.15200000000002,,,,25.45,5.0,1111.0,238.08,0.36
2016-03-03,,,3.64,,,,,,
2016-03-10,,,3.68,,,,,,
2016-03-17,,,3.73,,,,,,
2016-03-24,,,3.71,,,,,,
2016-03-31,,,3.71,,,,,,
2016-04-01,178.75599999999997,,,,25.53,5.1,1163.0,238.992,0.37
2016-04-07,,,3.59,,,,,,
2016-04-14,,,3.58,,,,,,
2016-04-21,,,3.59,,,,,,
2016-04-28,,,3.66,,,,,,
2016-05-01,179.416,,,,25.58,4.8,1148.0,239.557,0.37
2016-05-05,,,3.61,,,,,,
2016-05-12,,,3.57,,,,,,
2016-05-19,,,3.58,,,,,,
2016-05-26,,,3.64,,,,,,
2016-06-01,180.081,,,,25.62,4.9,1203.0,240.222,0.38
2016-06-02,,,3.66,,,,,,
2016-06-09,,,3.6,,,,,,
2016-06-16,,,3.54,,,,,,
2016-06-23,,,3.56,,,,,,
2016-06-30,,,3.48,,,,,,
2016-07-01,180.842,,,,25.69,4.8,1239.0,240.101,0.39
2016-07-07,,,3.41,,,,,,
2016-07-14,,,3.42,,,,,,
2016-07-21,,,3.45,,,,,,
2016-07-28,,,3.48,,,,,,
2016-08-01,181.83,,,,25.72,4.9,1171.0,240.545,0.4
2016-08-04,,,3.43,,,,,,
2016-08-11,,,3.45,,,,,,
2016-08-18,,,3.43,,,,,,
2016-08-25,,,3.43,,,,,,
2016-09-01,182.804,,3.46,,25.77,5.0,1068.0,241.176,0.4
2016-09-08,,,3.44,,,,,,
2016-09-15,,,3.5,,,,,,
2016-09-22,,,3.48,,,,,,
2016-09-29,,,3.42,,,,,,
2016-10-01,183.733,,,,25.89,4.9,1313.0,241.741,0.4
2016-10-06,,,3.42,,,,,,
2016-10-13,,,3.47,,,,,,
2016-10-20,,,3.52,,,,,,
2016-10-27,,,3.47,,,,,,
2016-11-01,184.743,,,,25.9,4.7,1140.0,242.026,0.41
2016-11-03,,,3.54,,,,,,
2016-11-10,,,3.57,,,,,,
2016-11-17,,,3.94,,,,,,
2016-11-23,,,4.03,,,,,,
2016-12-01,185.708,,4.08,,25.92,4.7,1252.0,242.637,0.54
2016-12-08,,,4.13,,,,,,
2016-12-15,,,4.16,,,,,,
2016-12-22,,,4.3,,,,,,
2016-12-29,,,4.32,,,,,,
2017-01-01,186.78599999999997,0.63264399508256,,,26.0,4.7,1190.0,243.618,0.65
2017-01-05,,,4.2,,,,,,
2017-01-12,,,4.12,,,,,,
2017-01-19,,,4.09,,,,,,
2017-01-26,,,4.19,,,,,,
2017-02-01,187.305,,,,26.07,4.6,1271.0,244.006,0.66
2017-02-02,,,4.19,,,,,,
2017-02-09,,,4.17,,,,,,
2017-02-16,,,4.15,,,,,,
2017-02-23,,,4.16,,,,,,
2017-03-01,187.982,,,,26.11,4.4,1190.0,243.892,0.79
2017-03-02,,,4.1,,,,,,
2017-03-09,,,4.21,,,,,,
2017-03-16,,,4.3,,,,,,
2017-03-23,,,4.23,,,,,,
2017-03-30,,,4.14,,,,,,
2017-04-01,188.712,,,,26.17,4.4,1146.0,244.193,0.9
2017-04-06,,,4.1,,,,,,
2017-04-13,,,4.08,,,,,,
2017-04-20,,,3.97,,,,,,
2017-04-27,,,4.03,,,,,,
2017-05-01,189.6,,,,26.21,4.4,1157.0,244.004,0.91
2017-05-04,,,4.02,,,,,,
2017-05-11,,,4.05,,,,,,
2017-05-18,,,4.02,,,,,,
2017-05-25,,,3.95,,,,,,
2017-06-01,190.499,,3.94,,26.26,4.3,1249.0,244.163,1.04
2017-06-08,,,3.89,,,,,,
2017-06-15,,,3.91,,,,,,
2017-06-22,,,3.9,,,,,,
2017-06-29,,,3.88,,,,,,
2017-07-01,191.448,,,,26.36,4.3,1206.0,244.243,1.15
2017-07-06,,,3.96,,,,,,
2017-07-13,,,4.03,,,,,,
2017-07-20,,,3.96,,,,,,
2017-07-27,,,3.92,,,,,,
2017-08-01,192.637,,,,26.38,4.4,1159.0,245.183,1.16
2017-08-03,,,3.93,,,,,,
2017-08-10,,,3.9,,,,,,
2017-08-17,,,3.89,,,,,,
2017-08-24,,,3.86,,,,,,
2017-08-31,,,3.82,,,,,,
2017-09-01,193.732,,,,26.49,4.3,1181.0,246.435,1.15
2017-09-07,,,3.78,,,,,,
2017-09-14,,,3.78,,,,,,
2017-09-21,,,3.83,,,,,,
2017-09-28,,,3.83,,,,,,
2017-10-01,194.781,,,,26.49,4.2,1257.0,246.626,1.15
2017-10-05,,,3.85,,,,,,
2017-10-12,,,3.91,,,,,,
2017-10-19,,,3.88,,,,,,
2017-10-26,,,3.94,,,,,,
2017-11-01,195.93400000000003,,,,26.53,4.2,1273.0,247.284,1.16
2017-11-02,,,3.94,,,,,,
2017-11-09,,,3.9,,,,,,
2017-11-16,,,3.95,,,,,,
2017-11-22,,,3.92,,,,,,
2017-11-30,,,3.9,,,,,,
2017-12-01,197.157,,,,26.61,4.1,1177.0,247.805,1.3
2017-12-07,,,3.94,,,,,,
2017-12-14,,,3.93,,,,,,
2017-12-21,,,3.94,,,,,,
2017-12-28,,,3.99,,,,,,
2018-01-01,198.295,0.526435395564053,,,26.73,4.0,1299.0,248.859,1.41
2018-01-04,,,3.95,,,,,,
2018-01-11,,,3.99,,,,,,
2018-01-18,,,4.04,,,,,,
2018-01-25,,,4.15,,,,,,
2018-02-01,199.224,,4.22,,26.75,4.1,1277.0,249.529,1.42
2018-02-08,,,4.32,,,,,,
2018-02-15,,,4.38,,,,,,
2018-02-22,,,4.4,,,,,,
2018-03-01,199.961,,4.43,,26.86,4.0,1318.0,249.577,1.51
2018-03-08,,,4.46,,,,,,
2018-03-15,,,4.44,,,,,,
2018-03-22,,,4.45,,,,,,
2018-03-29,,,4.44,,,,,,
2018-04-01,200.652,,,,26.91,4.0,1276.0,250.227,1.69
2018-04-05,,,4.4,,,,,,
2018-04-12,,,4.42,,,,,,
2018-04-19,,,4.47,,,,,,
2018-04-26,,,4.58,,,,,,
2018-05-01,201.414,,,,26.98,3.8,1357.0,250.792,1.7
2018-05-03,,,4.55,,,,,,
2018-05-10,,,4.55,,,,,,
2018-05-17,,,4.61,,,,,,
2018-05-24,,,4.66,,,,,,
2018-05-31,,,4.56,,,,,,
2018-06-01,202.217,,,,27.04,4.0,1192.0,251.018,1.82
2018-06-07,,,4.54,,,,,,
2018-06-14,,,4.62,,,,,,
2018-06-21,,,4.57,,,,,,
2018-06-28,,,4.55,,,,,,
2018-07-01,202.894,,,,27.09,3.8,1208.0,251.214,1.91
2018-07-05,,,4.52,,,,,,
2018-07-12,,,4.53,,,,,,
2018-07-19,,,4.52,,,,,,
2018-07-26,,,4.54,,,,,,
2018-08-01,203.654,,,,27.2,3.8,1288.0,251.663,1.91
2018-08-02,,,4.6,,,,,,
2018-08-09,,,4.59,,,,,,
2018-08-16,,,4.53,,,,,,
2018-08-23,,,4.51,,,,,,
2018-08-30,,,4.52,,,,,,
2018-09-01,204.31,,,,27.32,3.7,1250.0,252.182,1.95
2018-09-06,,,4.54,,,,,,
2018-09-13,,,4.6,,,,,,
2018-09-20,,,4.65,,,,,,
2018-09-27,,,4.72,,,,,,
2018-10-01,205.072,,,,27.37,3.8,1221.0,252.772,2.19
2018-10-04,,,4.71,,,,,,
2018-10-11,,,4.9,,,,,,
2018-10-18,,,4.85,,,,,,
2018-10-25,,,4.86,,,,,,
2018-11-01,205.645,,4.83,,27.44,3.8,1181.0,252.594,2.2
2018-11-08,,,4.94,,,,,,
2018-11-15,,,4.94,,,,,,
2018-11-21,,,4.81,,,,,,
2018-11-29,,,4.81,,,,,,
2018-12-01,206.136,,,,27.55,3.9,1095.0,252.767,2.27
2018-12-06,,,4.75,,,,,,
2018-12-13,,,4.63,,,,,,
2018-12-20,,,4.62,,,,,,
2018-12-27,,,4.55,,,,,,
2019-01-01,206.526,0.455381285963537,,,27.59,4.0,1226.0,252.561,2.4
2019-01-03,,,4.51,,,,,,
2019-01-10,,,4.45,,,,,,
2019-01-17,,,4.45,,,,,,
2019-01-24,,,4.45,,,,,,
2019-01-31,,,4.46,,,,,,
2019-02-01,206.849,,,,27.71,3.8,1121.0,253.319,2.4
2019-02-07,,,4.41,,,,,,
2019-02-14,,,4.37,,,,,,
2019-02-21,,,4.35,,,,,,
2019-02-28,,,4.35,,,,,,
2019-03-01,207.072,,,,27.8,3.8,1191.0,254.277,2.41
2019-03-07,,,4.41,,,,,,
2019-03-14,,,4.31,,,,,,
2019-03-21,,,4.28,,,,,,
2019-03-28,,,4.06,,,,,,
2019-04-01,207.528,,,,27.78,3.7,1272.0,255.233,2.42
2019-04-04,,,4.08,,,,,,
2019-04-11,,,4.12,,,,,,
2019-04-18,,,4.17,,,,,,
2019-04-25,,,4.2,,,,,,
2019-05-01,208.144,,,,27.86,3.6,1293.0,255.296,2.39
2019-05-02,,,4.14,,,,,,
2019-05-09,,,4.1,,,,,,
2019-05-16,,,4.07,,,,,,
2019-05-23,,,4.06,,,,,,
2019-05-30,,,3.99,,,,,,
2019-06-01,208.616,,,,27.95,3.6,1243.0,255.213,2.38
2019-06-06,,,3.82,,,,,,
2019-06-13,,,3.82,,,,,,
2019-06-20,,,3.84,,,,,,
2019-06-27,,,3.73,,,,,,
2019-07-01,209.222,,,,28.02,3.7,1240.0,255.802,2.4
2019-07-03,,,3.75,,,,,,
2019-07-11,,,3.75,,,,,,
2019-07-18,,,3.81,,,,,,
2019-07-25,,,3.75,,,,,,
2019-08-01,210.024,,3.75,,28.13,3.6,1375.0,256.036,2.13
2019-08-08,,,3.6,,,,,,
2019-08-15,,,3.6,,,,,,
2019-08-22,,,3.55,,,,,,
2019-08-29,,,3.58,,,,,,
2019-09-01,210.827,,,,28.17,3.5,1311.0,256.43,2.04
2019-09-05,,,3.49,,,,,,
2019-09-12,,,3.56,,,,,,
2019-09-19,,,3.73,,,,,,
2019-09-26,,,3.64,,,,,,
2019-10-01,211.719,,,,28.23,3.6,1325.0,257.155,1.83
2019-10-03,,,3.65,,,,,,
2019-10-10,,,3.57,,,,,,
2019-10-17,,,3.69,,,,,,
2019-10-24,,,3.75,,,,,,
2019-10-31,,,3.78,,,,,,
2019-11-01,212.758,,,,28.35,3.6,1353.0,257.879,1.55
2019-11-07,,,3.69,,,,,,
2019-11-14,,,3.75,,,,,,
2019-11-21,,,3.66,,,,,,
2019-11-27,,,3.68,,,,,,
2019-12-01,213.93,,,,28.37,3.6,1548.0,258.63,1.55
2019-12-05,,,3.68,,,,,,
2019-12-12,,,3.73,,,,,,
2019-12-19,,,3.73,,,,,,
2019-12-26,,,3.74,,,,,,
2020-01-01,215.025,0.968999515833015,,,28.44,3.6,1578.0,258.906,1.55
2020-01-02,,,3.72,,,,,,
2020-01-09,,,3.64,,,,,,
2020-01-16,,,3.65,,,,,,
2020-01-23,,,3.6,,,,,,
2020-01-30,,,3.51,,,,,,
2020-02-01,215.887,,,,28.55,3.5,1537.0,259.246,1.58
2020-02-06,,,3.45,,,,,,
2020-02-13,,,3.47,,,,,,
2020-02-20,,,3.49,,,,,,
2020-02-27,,,3.45,,,,,,
2020-03-01,216.44,,,,28.77,4.4,1252.0,258.15,0.65
2020-03-05,,,3.29,,,,,,
2020-03-12,,,3.36,,,,,,
2020-03-19,,,3.65,,,,,,
2020-03-26,,,3.5,,,,,,
2020-04-01,216.84,,,,30.01,14.8,931.0,256.126,0.05
2020-04-02,,,3.33,,,,,,
2020-04-09,,,3.33,,,,,,
2020-04-16,,,3.31,,,,,,
2020-04-23,,,3.33,,,,,,
2020-04-30,,,3.23,,,,,,
2020-05-01,216.977,,,,29.72,13.2,1053.0,255.848,0.05
2020-05-07,,,3.26,,,,,,
2020-05-14,,,3.28,,,,,,
2020-05-21,,,3.24,,,,,,
2020-05-28,,,3.15,,,,,,
2020-06-01,217.542,,,,29.38,11.0,1254.0,257.004,0.08
2020-06-04,,,3.18,,,,,,
2020-06-11,,,3.21,,,,,,
2020-06-18,,,3.13,,,,,,
2020-06-25,,,3.13,,,,,,
2020-07-01,219.25,,,,29.38,10.2,1523.0,258.408,0.09
2020-07-02,,,3.07,,,,,,
2020-07-09,,,3.03,,,,,,
2020-07-16,,,2.98,,,,,,
2020-07-23,,,3.01,,,,,,
2020-07-30,,,2.99,,,,,,
2020-08-01,222.265,,,,29.48,8.4,1401.0,259.366,0.1
2020-08-06,,,2.88,,,,,,
2020-08-13,,,2.96,,,,,,
2020-08-20,,,2.99,,,,,,
2020-08-27,,,2.91,,,,,,
2020-09-01,225.71,,,,29.51,7.8,1463.0,259.951,0.09
2020-09-03,,,2.93,,,,,,
2020-09-10,,,2.86,,,,,,
2020-09-17,,,2.87,,,,,,
2020-09-24,,,2.9,,,,,,
2020-10-01,229.65,,2.88,,29.54,6.8,1543.0,260.249,0.09
2020-10-08,,,2.87,,,,,,
2020-10-15,,,2.81,,,,,,
2020-10-22,,,2.8,,,,,,
2020-10-29,,,2.81,,,,,,
2020-11-01,233.219,,,,29.63,6.7,1553.0,260.895,0.09
2020-11-05,,,2.78,,,,,,
2020-11-12,,,2.84,,,,,,
2020-11-19,,,2.72,,,,,,
2020-11-25,,,2.72,,,,,,
2020-12-01,236.533,,,,29.9,6.7,1635.0,262.005,0.09
2020-12-03,,,2.71,,,,,,
2020-12-10,,,2.71,,,,,,
2020-12-17,,,2.67,,,,,,
2020-12-24,,,2.66,,,,,,
2020-12-31,,,2.67,,,,,,
2021-01-01,239.69,0.157342694282194,,,29.93,6.4,1639.0,262.518,0.09
2021-01-07,,,2.65,,,,,,
2021-01-14,,,2.79,,,,,,
2021-01-21,,,2.77,,,,,,
2021-01-28,,,2.73,,,,,,
2021-02-01,242.426,,,,30.06,6.2,1407.0,263.583,0.08
2021-02-04,,,2.73,,,,,,
2021-02-11,,,2.73,,,,,,
2021-02-18,,,2.81,,,,,,
2021-02-25,,,2.97,,,,,,
2021-03-01,245.509,,,,30.06,6.1,1668.0,264.91,0.07
2021-03-04,,,3.02,,,,,,
2021-03-11,,,3.05,,,,,,
2021-03-18,,,3.09,,,,,,
2021-03-25,,,3.17,,,,,,
2021-04-01,249.078,,3.18,,30.21,6.1,1492.0,266.752,0.07
2021-04-08,,,3.13,,,,,,
2021-04-15,,,3.04,,,,,,
2021-04-22,,,2.97,,,,,,
2021-04-29,,,2.98,,,,,,
2021-05-01,253.343,,,,30.39,5.8,1607.0,268.452,0.06
2021-05-06,,,2.96,,,,,,
2021-05-13,,,2.94,,,,,,
2021-05-20,,,3.0,,,,,,
2021-05-27,,,2.95,,,,,,
2021-06-01,258.17900000000003,,,,30.54,5.9,1638.0,270.664,0.08
2021-06-03,,,2.99,,,,,,
2021-06-10,,,2.96,,,,,,
2021-06-17,,,2.93,,,,,,
2021-06-24,,,3.02,,,,,,
2021-07-01,262.55400000000003,,2.98,,30.65,5.4,1600.0,271.994,0.1
2021-07-08,,,2.9,,,,,,
2021-07-15,,,2.88,,,,,,
2021-07-22,,,2.78,,,,,,
2021-07-29,,,2.8,,,,,,
2021-08-01,266.599,,,,30.77,5.1,1595.0,272.789,0.09
2021-08-05,,,2.77,,,,,,
2021-08-12,,,2.87,,,,,,
2021-08-19,,,2.86,,,,,,
2021-08-26,,,2.87,,,,,,
2021-09-01,270.151,,,,30.95,4.7,1563.0,273.887,0.08
2021-09-02,,,2.87,,,,,,
2021-09-09,,,2.88,,,,,,
2021-09-16,,,2.86,,,,,,
2021-09-23,,,2.88,,,,,,
2021-09-30,,,3.01,,,,,,
2021-10-01,273.567,,,,31.15,4.5,1587.0,276.434,0.08
2021-10-07,,,2.99,,,,,,
2021-10-14,,,3.05,,,,,,
2021-10-21,,,3.09,,,,,,
2021-10-28,,,3.14,,,,,,
2021-11-01,277.286,,,,31.24,4.1,1704.0,278.799,0.08
2021-11-04,,,3.09,,,,,,
2021-11-10,,,2.98,,,,,,
2021-11-18,,,3.1,,,,,,
2021-11-24,,,3.1,,,,,,
2021-12-01,281.47900000000004,,,,31.4,3.9,1757.0,280.808,0.08
2021-12-02,,,3.11,,,,,,
2021-12-09,,,3.1,,,,,,
2021-12-16,,,3.12,,,,,,
2021-12-23,,,3.05,,,,,,
2021-12-30,,,3.11,,,,,,
2022-01-01,286.219,0.367472693654024,,,31.63,4.0,1712.0,282.39,0.08
2022-01-06,,,3.22,,,,,,
2022-01-13,,,3.45,,,,,,
2022-01-20,,,3.56,,,,,,
2022-01-27,,,3.55,,,,,,
2022-02-01,291.267,,,,31.65,3.8,1742.0,284.535,0.08
2022-02-03,,,3.55,,,,,,
2022-02-10,,,3.69,,,,,,
2022-02-17,,,3.92,,,,,,
2022-02-24,,,3.89,,,,,,
2022-03-01,296.45599999999996,,,,31.84,3.6,1678.0,287.553,0.2
2022-03-03,,,3.76,,,,,,
2022-03-10,,,3.85,,,,,,
2022-03-17,,,4.16,,,,,,
2022-03-24,,,4.42,,,,,,
2022-03-31,,,4.67,,,,,,
2022-04-01,300.47,,,,31.95,3.7,1828.0,288.764,0.33
2022-04-07,,,4.72,,,,,,
2022-04-14,,,5.0,,,,,,
2022-04-21,,,5.11,,,,,,
2022-04-28,,,5.1,,,,,,
2022-05-01,303.504,,,,32.08,3.6,1540.0,291.359,0.77
2022-05-05,,,5.27,,,,,,
2022-05-12,,,5.3,,,,,,
2022-05-19,,,5.25,,,,,,
2022-05-26,,,5.1,,,,,,
2022-06-01,304.32,,,,32.2,3.6,1542.0,294.996,1.21
2022-06-02,,,5.09,,,,,,
2022-06-09,,,5.23,,,,,,
2022-06-16,,,5.78,,,,,,
2022-06-23,,,5.81,,,,,,
2022-06-30,,,5.7,,,,,,
2022-07-01,303.394,,,,32.33,3.5,1392.0,294.977,1.68
2022-07-07,,,5.3,,,,,,
2022-07-14,,,5.51,,,,,,
2022-07-21,,,5.54,,,,,,
2022-07-28,,,5.3,,,,,,
2022-08-01,301.063,,,,32.44,3.6,1520.0,295.209,2.33
2022-08-04,,,4.99,,,,,,
2022-08-11,,,5.22,,,,,,
2022-08-18,,,5.13,,,,,,
2022-08-25,,,5.55,,,,,,
2022-09-01,299.027,,5.66,,32.54,3.5,1470.0,296.341,2.56
2022-09-08,,,5.89,,,,,,
2022-09-15,,,6.02,,,,,,
2022-09-22,,,6.29,,,,,,
2022-09-29,,,6.7,,,,,,
2022-10-01,298.693,,,,32.7,3.6,1440.0,297.863,3.08
2022-10-06,,,6.66,,,,,,
2022-10-13,,,6.92,,,,,,
2022-10-20,,,6.94,,,,,,
2022-10-27,,,7.08,,,,,,
2022-11-01,298.41700000000003,,,,32.83,3.6,1420.0,298.648,3.78
2022-11-03,,,6.95,,,,,,
2022-11-10,,,7.08,,,,,,
2022-11-17,,,6.61,,,,,,
2022-11-23,,,6.58,,,,,,
2022-12-01,297.649,,6.49,,32.94,3.5,1340.0,298.812,4.1
2022-12-08,,,6.33,,,,,,
2022-12-15,,,6.31,,,,,,
2022-12-22,,,6.27,,,,,,
2022-12-29,,,6.42,,,,,,
2023-01-01,297.569,0.491924871690548,,,33.07,3.4,1361.0,300.356,4.33
2023-01-05,,,6.48,,,,,,
2023-01-12,,,6.33,,,,,,
2023-01-19,,,6.15,,,,,,
2023-01-26,,,6.13,,,,,,
2023-02-01,297.95799999999997,,,,33.15,3.6,1404.0,301.509,4.57
2023-02-02,,,6.09,,,,,,
2023-02-09,,,6.12,,,,,,
2023-02-16,,,6.32,,,,,,
2023-02-23,,,6.5,,,,,,
2023-03-01,298.95799999999997,,,,33.31,3.5,1342.0,301.744,4.65
2023-03-02,,,6.65,,,,,,
2023-03-09,,,6.73,,,,,,
2023-03-16,,,6.6,,,,,,
2023-03-23,,,6.42,,,,,,
2023-03-30,,,6.32,,,,,,
2023-04-01,300.345,,,,33.44,3.4,1368.0,303.032,4.83
2023-04-06,,,6.28,,,,,,
2023-04-13,,,6.27,,,,,,
2023-04-20,,,6.39,,,,,,
2023-04-27,,,6.43,,,,,,
2023-05-01,302.411,,,,33.54,3.7,1583.0,303.365,5.06
2023-05-04,,,6.39,,,,,,
2023-05-11,,,6.35,,,,,,
2023-05-18,,,6.39,,,,,,
2023-05-25,,,6.57,,,,,,
2023-06-01,304.4,,6.79,,33.7,3.6,1415.0,304.003,5.08
2023-06-08,,,6.71,,,,,,
2023-06-15,,,6.69,,,,,,
2023-06-22,,,6.67,,,,,,
2023-06-29,,,6.71,,,,,,
2023-07-01,306.598,,,,33.84,3.5,1473.0,304.628,5.12
2023-07-06,,,6.81,,,,,,
2023-07-13,,,6.96,,,,,,
2023-07-20,,,6.78,,,,,,
2023-07-27,,,6.81,,,,,,
2023-08-01,309.144,,,,33.91,3.8,1305.0,306.187,5.33
2023-08-03,,,6.9,,,,,,
2023-08-10,,,6.96,,,,,,
2023-08-17,,,7.09,,,,,,
2023-08-24,,,7.23,,,,,,
2023-08-31,,,7.18,,,,,,
2023-09-01,311.181,,,,34.01,3.8,1363.0,307.288,5.33
2023-09-07,,,7.12,,,,,,
2023-09-14,,,7.18,,,,,,
2023-09-21,,,7.19,,,,,,
2023-09-28,,,7.31,,,,,,
2023-10-01,313.113,,,89.9,34.1,3.8,1365.0,307.531,5.33
2023-10-05,,,7.49,,,,,,
2023-10-12,,,7.57,,,,,,
2023-10-19,,,7.63,,,,,,
2023-10-26,,,7.79,,,,,,
2023-11-01,313.99,,,92.7,34.23,3.7,1510.0,308.024,5.33
2023-11-02,,,7.76,,,,,,
2023-11-09,,,7.5,,,,,,
2023-11-16,,,7.44,,,,,,
2023-11-22,,,7.29,,,,,,
2023-11-30,,,7.22,,,,,,
2023-12-01,314.692,,,100.5,34.34,3.7,1568.0,308.742,5.33
2023-12-07,,,7.03,,,,,,
2023-12-14,,,6.95,,,,,,
2023-12-21,,,6.67,,,,,,
2023-12-28,,,6.61,,,,,,
2024-01-01,316.087,,,104.5,34.51,3.7,1376.0,309.685,5.33
2024-01-04,,,6.62,,,,,,
2024-01-11,,,6.66,,,,,,
2024-01-18,,,6.6,,,,,,
2024-01-25,,,6.69,,,,,,
2024-02-01,317.547,,6.63,102.1,34.56,3.9,1546.0,311.054,5.33
2024-02-08,,,6.64,,,,,,
2024-02-15,,,6.77,,,,,,
2024-02-22,,,6.9,,,,,,
2024-02-29,,,6.94,,,,,,
2024-03-01,318.492,,,100.0,34.69,3.8,1299.0,312.23,5.33
2024-03-07,,,6.88,,,,,,
2024-03-14,,,6.74,,,,,,
2024-03-21,,,6.87,,,,,,
2024-03-28,,,6.79,,,,,,
2024-04-01,319.455,,,95.1,34.75,3.9,1377.0,313.207,5.33
2024-04-04,,,6.82,,,,,,
2024-04-11,,,6.88,,,,,,
2024-04-18,,,7.1,,,,,,
2024-04-25,,,7.17,,,,,,
2024-05-01,320.41,,,92.3,34.88,4.0,1315.0,313.225,5.33
2024-05-02,,,7.22,,,,,,
2024-05-09,,,7.09,,,,,,
2024-05-16,,,7.02,,,,,,
2024-05-23,,,6.94,,,,,,
2024-05-30,,,7.03,,,,,,
2024-06-01,320.98400000000004,,,91.6,34.99,4.1,1329.0,313.049,5.33
2024-06-06,,,6.99,,,,,,
2024-06-13,,,6.95,,,,,,
2024-06-20,,,6.87,,,,,,
2024-06-27,,,6.86,,,,,,
2024-07-01,321.668,,,93.8,35.07,4.3,1262.0,313.534,5.33
2024-07-03,,,6.95,,,,,,
2024-07-11,,,6.89,,,,,,
2024-07-18,,,6.77,,,,,,
2024-07-25,,,6.78,,,,,,
2024-08-01,322.435,,6.73,99.1,35.22,4.2,1379.0,314.121,5.33
2024-08-08,,,6.47,,,,,,
2024-08-15,,,6.49,,,,,,
2024-08-22,,,6.46,,,,,,
2024-08-29,,,6.35,,,,,,
2024-09-01,323.341,,,104.9,35.33,4.1,1355.0,314.686,5.13
2024-09-05,,,6.35,,,,,,
2024-09-12,,,6.2,,,,,,
2024-09-19,,,6.09,,,,,,
2024-09-26,,,6.08,,,,,,
2024-10-01,324.45799999999997,,,102.3,35.48,4.1,1312.0,315.454,4.83
2024-10-03,,,6.12,,,,,,
2024-10-10,,,6.32,,,,,,
2024-10-17,,,6.44,,,,,,
2024-10-24,,,6.54,,,,,,
2024-10-31,,,6.72,,,,,,
2024-11-01,,,,,35.61,4.2,1289.0,316.441,4.64
2024-11-07,,,6.79,,,,,,
2024-11-14,,,6.78,,,,,,
2024-11-21,,,6.84,,,,,,
2024-11-27,,,6.81,,,,,,
2024-12-01,,,,,,,,,4.48
2024-12-05,,,6.69,,,,,,
2024-12-12,,,6.6,,,,,,
2024-12-19,,,6.72,,,,,,
2024-12-26,,,6.85,,,,,,
2025-01-02,,,6.91,,,,,,
